patient,week,telomere_length
P0,0,7.763352107042671
P0,4,7.786430337316301
P0,8,7.662444248067376
P0,12,7.615591647328015
P1,0,8.16112513920255
P1,4,8.142328582154642
P1,8,7.921730808514798
P1,12,7.801499602439019
P2,0,7.542987341690177
P2,4,7.779279211199228
P2,8,7.64588675105467
P2,12,7.291854643197951
P3,0,7.548691453099921
P3,4,7.3782634905185125
P3,8,7.546058737544197
P3,12,7.256916230603388
P4,0,7.955622585262139
P4,4,7.61909708434632
P4,8,7.471895698680628
P4,12,7.288130215949114
